"","ID","Population"
"1","NA19648","AMR"
"2","NA19649","AMR"
"3","NA19651","AMR"
"4","NA19652","AMR"
"5","NA19654","AMR"
"6","NA19655","AMR"
"7","NA19657","AMR"
"8","NA19658","AMR"
"9","NA19661","AMR"
"10","NA19663","AMR"
"11","NA19664","AMR"
"12","NA19669","AMR"
"13","NA19670","AMR"
"14","NA19676","AMR"
"15","NA19678","AMR"
"16","NA19679","AMR"
"17","NA19681","AMR"
"18","NA19682","AMR"
"19","NA19684","AMR"
"20","NA19716","AMR"
"21","NA19717","AMR"
"22","NA19719","AMR"
"23","NA19720","AMR"
"24","NA19722","AMR"
"25","NA19723","AMR"
"26","NA19725","AMR"
"27","NA19726","AMR"
"28","NA19728","AMR"
"29","NA19729","AMR"
"30","NA19731","AMR"
"31","NA19732","AMR"
"32","NA19734","AMR"
"33","NA19735","AMR"
"34","NA19740","AMR"
"35","NA19741","AMR"
"36","NA19746","AMR"
"37","NA19747","AMR"
"38","NA19749","AMR"
"39","NA19750","AMR"
"40","NA19752","AMR"
"41","NA19755","AMR"
"42","NA19756","AMR"
"43","NA19758","AMR"
"44","NA19759","AMR"
"45","NA19761","AMR"
"46","NA19762","AMR"
"47","NA19764","AMR"
"48","NA19770","AMR"
"49","NA19771","AMR"
"50","NA19773","AMR"
"51","NA19774","AMR"
"52","NA19776","AMR"
"53","NA19777","AMR"
"54","NA19779","AMR"
"55","NA19780","AMR"
"56","NA19782","AMR"
"57","NA19783","AMR"
"58","NA19785","AMR"
"59","NA19786","AMR"
"60","NA19788","AMR"
"61","NA19789","AMR"
"62","NA19792","AMR"
"63","NA19794","AMR"
"64","NA19795","AMR"
"65","HG00551","AMR"
"66","HG00553","AMR"
"67","HG00554","AMR"
"68","HG00637","AMR"
"69","HG00638","AMR"
"70","HG00640","AMR"
"71","HG00641","AMR"
"72","HG00731","AMR"
"73","HG00732","AMR"
"74","HG00734","AMR"
"75","HG00736","AMR"
"76","HG00737","AMR"
"77","HG00739","AMR"
"78","HG00740","AMR"
"79","HG00742","AMR"
"80","HG00743","AMR"
"81","HG01047","AMR"
"82","HG01048","AMR"
"83","HG01049","AMR"
"84","HG01051","AMR"
"85","HG01052","AMR"
"86","HG01054","AMR"
"87","HG01055","AMR"
"88","HG01058","AMR"
"89","HG01060","AMR"
"90","HG01061","AMR"
"91","HG01063","AMR"
"92","HG01064","AMR"
"93","HG01066","AMR"
"94","HG01067","AMR"
"95","HG01069","AMR"
"96","HG01070","AMR"
"97","HG01072","AMR"
"98","HG01073","AMR"
"99","HG01075","AMR"
"100","HG01077","AMR"
"101","HG01079","AMR"
"102","HG01080","AMR"
"103","HG01082","AMR"
"104","HG01083","AMR"
"105","HG01085","AMR"
"106","HG01086","AMR"
"107","HG01088","AMR"
"108","HG01089","AMR"
"109","HG01092","AMR"
"110","HG01094","AMR"
"111","HG01095","AMR"
"112","HG01097","AMR"
"113","HG01098","AMR"
"114","HG01101","AMR"
"115","HG01102","AMR"
"116","HG01104","AMR"
"117","HG01105","AMR"
"118","HG01107","AMR"
"119","HG01108","AMR"
"120","HG01110","AMR"
"121","HG01111","AMR"
"122","HG01161","AMR"
"123","HG01162","AMR"
"124","HG01164","AMR"
"125","HG01167","AMR"
"126","HG01168","AMR"
"127","HG01170","AMR"
"128","HG01171","AMR"
"129","HG01173","AMR"
"130","HG01174","AMR"
"131","HG01176","AMR"
"132","HG01177","AMR"
"133","HG01182","AMR"
"134","HG01183","AMR"
"135","HG01187","AMR"
"136","HG01188","AMR"
"137","HG01190","AMR"
"138","HG01191","AMR"
"139","HG01197","AMR"
"140","HG01198","AMR"
"141","HG01200","AMR"
"142","HG01204","AMR"
"143","HG01205","AMR"
"144","HG01241","AMR"
"145","HG01242","AMR"
"146","HG01247","AMR"
"147","HG01248","AMR"
"148","HG01286","AMR"
"149","HG01302","AMR"
"150","HG01303","AMR"
"151","HG01305","AMR"
"152","HG01308","AMR"
"153","HG01311","AMR"
"154","HG01312","AMR"
"155","HG01323","AMR"
"156","HG01325","AMR"
"157","HG01326","AMR"
"158","HG01392","AMR"
"159","HG01393","AMR"
"160","HG01395","AMR"
"161","HG01396","AMR"
"162","HG01398","AMR"
"163","HG01402","AMR"
"164","HG01403","AMR"
"165","HG01405","AMR"
"166","HG01412","AMR"
"167","HG01413","AMR"
"168","HG01414","AMR"
"169","HG01112","AMR"
"170","HG01113","AMR"
"171","HG01119","AMR"
"172","HG01121","AMR"
"173","HG01122","AMR"
"174","HG01124","AMR"
"175","HG01125","AMR"
"176","HG01130","AMR"
"177","HG01131","AMR"
"178","HG01133","AMR"
"179","HG01134","AMR"
"180","HG01136","AMR"
"181","HG01137","AMR"
"182","HG01139","AMR"
"183","HG01140","AMR"
"184","HG01142","AMR"
"185","HG01148","AMR"
"186","HG01149","AMR"
"187","HG01250","AMR"
"188","HG01251","AMR"
"189","HG01253","AMR"
"190","HG01254","AMR"
"191","HG01256","AMR"
"192","HG01257","AMR"
"193","HG01259","AMR"
"194","HG01260","AMR"
"195","HG01269","AMR"
"196","HG01271","AMR"
"197","HG01272","AMR"
"198","HG01275","AMR"
"199","HG01277","AMR"
"200","HG01280","AMR"
"201","HG01281","AMR"
"202","HG01284","AMR"
"203","HG01341","AMR"
"204","HG01342","AMR"
"205","HG01344","AMR"
"206","HG01345","AMR"
"207","HG01348","AMR"
"208","HG01350","AMR"
"209","HG01351","AMR"
"210","HG01353","AMR"
"211","HG01354","AMR"
"212","HG01356","AMR"
"213","HG01357","AMR"
"214","HG01359","AMR"
"215","HG01360","AMR"
"216","HG01362","AMR"
"217","HG01363","AMR"
"218","HG01365","AMR"
"219","HG01366","AMR"
"220","HG01369","AMR"
"221","HG01372","AMR"
"222","HG01374","AMR"
"223","HG01375","AMR"
"224","HG01377","AMR"
"225","HG01378","AMR"
"226","HG01383","AMR"
"227","HG01384","AMR"
"228","HG01389","AMR"
"229","HG01390","AMR"
"230","HG01431","AMR"
"231","HG01432","AMR"
"232","HG01435","AMR"
"233","HG01437","AMR"
"234","HG01438","AMR"
"235","HG01440","AMR"
"236","HG01441","AMR"
"237","HG01443","AMR"
"238","HG01444","AMR"
"239","HG01447","AMR"
"240","HG01455","AMR"
"241","HG01456","AMR"
"242","HG01459","AMR"
"243","HG01461","AMR"
"244","HG01462","AMR"
"245","HG01464","AMR"
"246","HG01465","AMR"
"247","HG01468","AMR"
"248","HG01474","AMR"
"249","HG01479","AMR"
"250","HG01485","AMR"
"251","HG01486","AMR"
"252","HG01488","AMR"
"253","HG01489","AMR"
"254","HG01491","AMR"
"255","HG01492","AMR"
"256","HG01494","AMR"
"257","HG01495","AMR"
"258","HG01497","AMR"
"259","HG01498","AMR"
"260","HG01550","AMR"
"261","HG01551","AMR"
"262","HG01556","AMR"
"263","HG01565","AMR"
"264","HG01566","AMR"
"265","HG01571","AMR"
"266","HG01572","AMR"
"267","HG01577","AMR"
"268","HG01578","AMR"
"269","HG01892","AMR"
"270","HG01893","AMR"
"271","HG01917","AMR"
"272","HG01918","AMR"
"273","HG01920","AMR"
"274","HG01921","AMR"
"275","HG01923","AMR"
"276","HG01924","AMR"
"277","HG01926","AMR"
"278","HG01927","AMR"
"279","HG01932","AMR"
"280","HG01933","AMR"
"281","HG01935","AMR"
"282","HG01936","AMR"
"283","HG01938","AMR"
"284","HG01939","AMR"
"285","HG01941","AMR"
"286","HG01942","AMR"
"287","HG01944","AMR"
"288","HG01945","AMR"
"289","HG01947","AMR"
"290","HG01948","AMR"
"291","HG01950","AMR"
"292","HG01951","AMR"
"293","HG01953","AMR"
"294","HG01954","AMR"
"295","HG01961","AMR"
"296","HG01965","AMR"
"297","HG01967","AMR"
"298","HG01968","AMR"
"299","HG01970","AMR"
"300","HG01971","AMR"
"301","HG01973","AMR"
"302","HG01974","AMR"
"303","HG01976","AMR"
"304","HG01977","AMR"
"305","HG01979","AMR"
"306","HG01980","AMR"
"307","HG01982","AMR"
"308","HG01991","AMR"
"309","HG01992","AMR"
"310","HG01997","AMR"
"311","HG02002","AMR"
"312","HG02003","AMR"
"313","HG02006","AMR"
"314","HG02008","AMR"
"315","HG02089","AMR"
"316","HG02090","AMR"
"317","HG02102","AMR"
"318","HG02104","AMR"
"319","HG02105","AMR"
"320","HG02146","AMR"
"321","HG02147","AMR"
"322","HG02150","AMR"
"323","HG02252","AMR"
"324","HG02253","AMR"
"325","HG02259","AMR"
"326","HG02260","AMR"
"327","HG02262","AMR"
"328","HG02265","AMR"
"329","HG02266","AMR"
"330","HG02271","AMR"
"331","HG02272","AMR"
"332","HG02274","AMR"
"333","HG02275","AMR"
"334","HG02277","AMR"
"335","HG02278","AMR"
"336","HG02285","AMR"
"337","HG02286","AMR"
"338","HG02291","AMR"
"339","HG02292","AMR"
"340","HG02298","AMR"
"341","HG02299","AMR"
"342","HG02301","AMR"
"343","HG02304","AMR"
"344","HG02312","AMR"
"345","HG02345","AMR"
"346","HG02348","AMR"
"347","HG02425","AMR"
"348","NA19625","AFR"
"349","NA19700","AFR"
"350","NA19701","AFR"
"351","NA19703","AFR"
"352","NA19704","AFR"
"353","NA19707","AFR"
"354","NA19711","AFR"
"355","NA19712","AFR"
"356","NA19713","AFR"
"357","NA19818","AFR"
"358","NA19819","AFR"
"359","NA19834","AFR"
"360","NA19835","AFR"
"361","NA19900","AFR"
"362","NA19901","AFR"
"363","NA19904","AFR"
"364","NA19908","AFR"
"365","NA19909","AFR"
"366","NA19913","AFR"
"367","NA19914","AFR"
"368","NA19916","AFR"
"369","NA19917","AFR"
"370","NA19920","AFR"
"371","NA19921","AFR"
"372","NA19922","AFR"
"373","NA19923","AFR"
"374","NA19982","AFR"
"375","NA19984","AFR"
"376","NA20126","AFR"
"377","NA20127","AFR"
"378","NA20274","AFR"
"379","NA20276","AFR"
"380","NA20278","AFR"
"381","NA20281","AFR"
"382","NA20282","AFR"
"383","NA20287","AFR"
"384","NA20289","AFR"
"385","NA20291","AFR"
"386","NA20294","AFR"
"387","NA20296","AFR"
"388","NA20298","AFR"
"389","NA20299","AFR"
"390","NA20314","AFR"
"391","NA20317","AFR"
"392","NA20318","AFR"
"393","NA20320","AFR"
"394","NA20321","AFR"
"395","NA20332","AFR"
"396","NA20334","AFR"
"397","NA20339","AFR"
"398","NA20340","AFR"
"399","NA20342","AFR"
"400","NA20346","AFR"
"401","NA20348","AFR"
"402","NA20351","AFR"
"403","NA20355","AFR"
"404","NA20356","AFR"
"405","NA20357","AFR"
"406","NA20359","AFR"
"407","NA20362","AFR"
"408","NA20412","AFR"
"409","HG02461","AFR"
"410","HG02462","AFR"
"411","HG02464","AFR"
"412","HG02465","AFR"
"413","HG02561","AFR"
"414","HG02562","AFR"
"415","HG02568","AFR"
"416","HG02570","AFR"
"417","HG02571","AFR"
"418","HG02573","AFR"
"419","HG02574","AFR"
"420","HG02582","AFR"
"421","HG02583","AFR"
"422","HG02585","AFR"
"423","HG02586","AFR"
"424","HG02588","AFR"
"425","HG02589","AFR"
"426","HG02594","AFR"
"427","HG02595","AFR"
"428","HG02610","AFR"
"429","HG02611","AFR"
"430","HG02613","AFR"
"431","HG02614","AFR"
"432","HG02620","AFR"
"433","HG02621","AFR"
"434","HG02623","AFR"
"435","HG02624","AFR"
"436","HG02628","AFR"
"437","HG02629","AFR"
"438","HG02634","AFR"
"439","HG02635","AFR"
"440","HG02642","AFR"
"441","HG02643","AFR"
"442","HG02645","AFR"
"443","HG02646","AFR"
"444","HG02666","AFR"
"445","HG02667","AFR"
"446","HG02675","AFR"
"447","HG02676","AFR"
"448","HG02678","AFR"
"449","HG02679","AFR"
"450","HG02702","AFR"
"451","HG02703","AFR"
"452","HG02715","AFR"
"453","HG02716","AFR"
"454","HG02721","AFR"
"455","HG02722","AFR"
"456","HG02756","AFR"
"457","HG02757","AFR"
"458","HG02759","AFR"
"459","HG02760","AFR"
"460","HG02763","AFR"
"461","HG02768","AFR"
"462","HG02769","AFR"
"463","HG02771","AFR"
"464","HG02772","AFR"
"465","HG02798","AFR"
"466","HG02799","AFR"
"467","HG02804","AFR"
"468","HG02805","AFR"
"469","HG02807","AFR"
"470","HG02808","AFR"
"471","HG02810","AFR"
"472","HG02811","AFR"
"473","HG02813","AFR"
"474","HG02814","AFR"
"475","HG02816","AFR"
"476","HG02817","AFR"
"477","HG02819","AFR"
"478","HG02820","AFR"
"479","HG02836","AFR"
"480","HG02837","AFR"
"481","HG02839","AFR"
"482","HG02840","AFR"
"483","HG02851","AFR"
"484","HG02852","AFR"
"485","HG02854","AFR"
"486","HG02855","AFR"
"487","HG02860","AFR"
"488","HG02861","AFR"
"489","HG02870","AFR"
"490","HG02878","AFR"
"491","HG02879","AFR"
"492","HG02881","AFR"
"493","HG02882","AFR"
"494","HG02884","AFR"
"495","HG02885","AFR"
"496","HG02887","AFR"
"497","HG02888","AFR"
"498","HG02890","AFR"
"499","HG02891","AFR"
"500","HG02895","AFR"
"501","HG02896","AFR"
"502","HG02982","AFR"
"503","HG02983","AFR"
"504","HG03024","AFR"
"505","HG03025","AFR"
"506","HG03027","AFR"
"507","HG03028","AFR"
"508","HG03039","AFR"
"509","HG03040","AFR"
"510","HG03045","AFR"
"511","HG03046","AFR"
"512","HG03048","AFR"
"513","HG03049","AFR"
"514","HG03240","AFR"
"515","HG03241","AFR"
"516","HG03246","AFR"
"517","HG03247","AFR"
"518","HG03258","AFR"
"519","HG03259","AFR"
"520","HG03538","AFR"
"521","HG03539","AFR"
"522","HG03052","AFR"
"523","HG03054","AFR"
"524","HG03055","AFR"
"525","HG03057","AFR"
"526","HG03058","AFR"
"527","HG03060","AFR"
"528","HG03061","AFR"
"529","HG03063","AFR"
"530","HG03064","AFR"
"531","HG03066","AFR"
"532","HG03069","AFR"
"533","HG03072","AFR"
"534","HG03073","AFR"
"535","HG03074","AFR"
"536","HG03077","AFR"
"537","HG03078","AFR"
"538","HG03079","AFR"
"539","HG03081","AFR"
"540","HG03082","AFR"
"541","HG03084","AFR"
"542","HG03085","AFR"
"543","HG03086","AFR"
"544","HG03088","AFR"
"545","HG03091","AFR"
"546","HG03095","AFR"
"547","HG03096","AFR"
"548","HG03097","AFR"
"549","HG03209","AFR"
"550","HG03212","AFR"
"551","HG03224","AFR"
"552","HG03225","AFR"
"553","HG03376","AFR"
"554","HG03378","AFR"
"555","HG03380","AFR"
"556","HG03382","AFR"
"557","HG03385","AFR"
"558","HG03388","AFR"
"559","HG03391","AFR"
"560","HG03394","AFR"
"561","HG03397","AFR"
"562","HG03401","AFR"
"563","HG03410","AFR"
"564","HG03419","AFR"
"565","HG03428","AFR"
"566","HG03432","AFR"
"567","HG03433","AFR"
"568","HG03436","AFR"
"569","HG03437","AFR"
"570","HG03439","AFR"
"571","HG03442","AFR"
"572","HG03445","AFR"
"573","HG03446","AFR"
"574","HG03449","AFR"
"575","HG03451","AFR"
"576","HG03452","AFR"
"577","HG03455","AFR"
"578","HG03457","AFR"
"579","HG03458","AFR"
"580","HG03460","AFR"
"581","HG03461","AFR"
"582","HG03464","AFR"
"583","HG03469","AFR"
"584","HG03470","AFR"
"585","HG03472","AFR"
"586","HG03473","AFR"
"587","HG03476","AFR"
"588","HG03478","AFR"
"589","HG03479","AFR"
"590","HG03484","AFR"
"591","HG03485","AFR"
"592","HG03547","AFR"
"593","HG03548","AFR"
"594","HG03556","AFR"
"595","HG03557","AFR"
"596","HG03558","AFR"
"597","HG03559","AFR"
"598","HG03563","AFR"
"599","HG03565","AFR"
"600","HG03567","AFR"
"601","HG03571","AFR"
"602","HG03572","AFR"
"603","HG03575","AFR"
"604","HG03577","AFR"
"605","HG03578","AFR"
"606","HG03583","AFR"
"607","HG02922","AFR"
"608","HG02923","AFR"
"609","HG02938","AFR"
"610","HG02941","AFR"
"611","HG02943","AFR"
"612","HG02944","AFR"
"613","HG02946","AFR"
"614","HG02947","AFR"
"615","HG02952","AFR"
"616","HG02953","AFR"
"617","HG02968","AFR"
"618","HG02970","AFR"
"619","HG02971","AFR"
"620","HG02973","AFR"
"621","HG02974","AFR"
"622","HG02976","AFR"
"623","HG02977","AFR"
"624","HG02979","AFR"
"625","HG02981","AFR"
"626","HG03099","AFR"
"627","HG03100","AFR"
"628","HG03103","AFR"
"629","HG03105","AFR"
"630","HG03108","AFR"
"631","HG03109","AFR"
"632","HG03111","AFR"
"633","HG03112","AFR"
"634","HG03114","AFR"
"635","HG03115","AFR"
"636","HG03117","AFR"
"637","HG03118","AFR"
"638","HG03120","AFR"
"639","HG03121","AFR"
"640","HG03123","AFR"
"641","HG03124","AFR"
"642","HG03126","AFR"
"643","HG03127","AFR"
"644","HG03129","AFR"
"645","HG03130","AFR"
"646","HG03132","AFR"
"647","HG03133","AFR"
"648","HG03135","AFR"
"649","HG03136","AFR"
"650","HG03139","AFR"
"651","HG03157","AFR"
"652","HG03159","AFR"
"653","HG03160","AFR"
"654","HG03162","AFR"
"655","HG03163","AFR"
"656","HG03166","AFR"
"657","HG03168","AFR"
"658","HG03169","AFR"
"659","HG03172","AFR"
"660","HG03175","AFR"
"661","HG03189","AFR"
"662","HG03190","AFR"
"663","HG03193","AFR"
"664","HG03195","AFR"
"665","HG03196","AFR"
"666","HG03198","AFR"
"667","HG03199","AFR"
"668","HG03202","AFR"
"669","HG03265","AFR"
"670","HG03267","AFR"
"671","HG03268","AFR"
"672","HG03270","AFR"
"673","HG03271","AFR"
"674","HG03279","AFR"
"675","HG03280","AFR"
"676","HG03291","AFR"
"677","HG03294","AFR"
"678","HG03295","AFR"
"679","HG03297","AFR"
"680","HG03298","AFR"
"681","HG03300","AFR"
"682","HG03301","AFR"
"683","HG03303","AFR"
"684","HG03304","AFR"
"685","HG03311","AFR"
"686","HG03313","AFR"
"687","HG03342","AFR"
"688","HG03343","AFR"
"689","HG03351","AFR"
"690","HG03352","AFR"
"691","HG03354","AFR"
"692","HG03363","AFR"
"693","HG03366","AFR"
"694","HG03367","AFR"
"695","HG03369","AFR"
"696","HG03370","AFR"
"697","HG03372","AFR"
"698","HG03499","AFR"
"699","HG03511","AFR"
"700","HG03514","AFR"
"701","HG03515","AFR"
"702","HG03517","AFR"
"703","HG03518","AFR"
"704","HG03520","AFR"
"705","HG03521","AFR"
"706","NA18486","AFR"
"707","NA18488","AFR"
"708","NA18489","AFR"
"709","NA18498","AFR"
"710","NA18499","AFR"
"711","NA18501","AFR"
"712","NA18502","AFR"
"713","NA18504","AFR"
"714","NA18505","AFR"
"715","NA18507","AFR"
"716","NA18508","AFR"
"717","NA18510","AFR"
"718","NA18511","AFR"
"719","NA18516","AFR"
"720","NA18517","AFR"
"721","NA18519","AFR"
"722","NA18520","AFR"
"723","NA18522","AFR"
"724","NA18523","AFR"
"725","NA18853","AFR"
"726","NA18856","AFR"
"727","NA18858","AFR"
"728","NA18861","AFR"
"729","NA18864","AFR"
"730","NA18865","AFR"
"731","NA18867","AFR"
"732","NA18868","AFR"
"733","NA18870","AFR"
"734","NA18871","AFR"
"735","NA18873","AFR"
"736","NA18874","AFR"
"737","NA18876","AFR"
"738","NA18877","AFR"
"739","NA18878","AFR"
"740","NA18879","AFR"
"741","NA18881","AFR"
"742","NA18907","AFR"
"743","NA18908","AFR"
"744","NA18909","AFR"
"745","NA18910","AFR"
"746","NA18912","AFR"
"747","NA18915","AFR"
"748","NA18916","AFR"
"749","NA18917","AFR"
"750","NA18923","AFR"
"751","NA18924","AFR"
"752","NA18933","AFR"
"753","NA18934","AFR"
"754","NA19092","AFR"
"755","NA19093","AFR"
"756","NA19095","AFR"
"757","NA19096","AFR"
"758","NA19098","AFR"
"759","NA19099","AFR"
"760","NA19102","AFR"
"761","NA19107","AFR"
"762","NA19108","AFR"
"763","NA19113","AFR"
"764","NA19114","AFR"
"765","NA19116","AFR"
"766","NA19117","AFR"
"767","NA19118","AFR"
"768","NA19119","AFR"
"769","NA19121","AFR"
"770","NA19129","AFR"
"771","NA19130","AFR"
"772","NA19131","AFR"
"773","NA19137","AFR"
"774","NA19138","AFR"
"775","NA19141","AFR"
"776","NA19143","AFR"
"777","NA19144","AFR"
"778","NA19146","AFR"
"779","NA19147","AFR"
"780","NA19149","AFR"
"781","NA19152","AFR"
"782","NA19153","AFR"
"783","NA19159","AFR"
"784","NA19160","AFR"
"785","NA19171","AFR"
"786","NA19172","AFR"
"787","NA19175","AFR"
"788","NA19184","AFR"
"789","NA19185","AFR"
"790","NA19189","AFR"
"791","NA19190","AFR"
"792","NA19197","AFR"
"793","NA19198","AFR"
"794","NA19200","AFR"
"795","NA19201","AFR"
"796","NA19204","AFR"
"797","NA19206","AFR"
"798","NA19207","AFR"
"799","NA19209","AFR"
"800","NA19210","AFR"
"801","NA19213","AFR"
"802","NA19214","AFR"
"803","NA19222","AFR"
"804","NA19223","AFR"
"805","NA19225","AFR"
"806","NA19235","AFR"
"807","NA19236","AFR"
"808","NA19238","AFR"
"809","NA19239","AFR"
"810","NA19247","AFR"
"811","NA19248","AFR"
"812","NA19256","AFR"
"813","NA19257","AFR"
"814","NA19017","AFR"
"815","NA19019","AFR"
"816","NA19020","AFR"
"817","NA19023","AFR"
"818","NA19024","AFR"
"819","NA19025","AFR"
"820","NA19026","AFR"
"821","NA19027","AFR"
"822","NA19028","AFR"
"823","NA19030","AFR"
"824","NA19031","AFR"
"825","NA19035","AFR"
"826","NA19036","AFR"
"827","NA19037","AFR"
"828","NA19038","AFR"
"829","NA19041","AFR"
"830","NA19042","AFR"
"831","NA19043","AFR"
"832","NA19307","AFR"
"833","NA19308","AFR"
"834","NA19309","AFR"
"835","NA19310","AFR"
"836","NA19312","AFR"
"837","NA19314","AFR"
"838","NA19315","AFR"
"839","NA19316","AFR"
"840","NA19317","AFR"
"841","NA19318","AFR"
"842","NA19319","AFR"
"843","NA19320","AFR"
"844","NA19321","AFR"
"845","NA19323","AFR"
"846","NA19324","AFR"
"847","NA19327","AFR"
"848","NA19328","AFR"
"849","NA19331","AFR"
"850","NA19332","AFR"
"851","NA19334","AFR"
"852","NA19338","AFR"
"853","NA19346","AFR"
"854","NA19347","AFR"
"855","NA19350","AFR"
"856","NA19351","AFR"
"857","NA19355","AFR"
"858","NA19360","AFR"
"859","NA19372","AFR"
"860","NA19374","AFR"
"861","NA19375","AFR"
"862","NA19376","AFR"
"863","NA19377","AFR"
"864","NA19378","AFR"
"865","NA19379","AFR"
"866","NA19380","AFR"
"867","NA19383","AFR"
"868","NA19384","AFR"
"869","NA19385","AFR"
"870","NA19390","AFR"
"871","NA19391","AFR"
"872","NA19393","AFR"
"873","NA19394","AFR"
"874","NA19395","AFR"
"875","NA19397","AFR"
"876","NA19399","AFR"
"877","NA19401","AFR"
"878","NA19403","AFR"
"879","NA19404","AFR"
"880","NA19428","AFR"
"881","NA19429","AFR"
"882","NA19430","AFR"
"883","NA19431","AFR"
"884","NA19434","AFR"
"885","NA19435","AFR"
"886","NA19436","AFR"
"887","NA19437","AFR"
"888","NA19438","AFR"
"889","NA19439","AFR"
"890","NA19440","AFR"
"891","NA19443","AFR"
"892","NA19445","AFR"
"893","NA19446","AFR"
"894","NA19448","AFR"
"895","NA19449","AFR"
"896","NA19451","AFR"
"897","NA19452","AFR"
"898","NA19454","AFR"
"899","NA19455","AFR"
"900","NA19456","AFR"
"901","NA19457","AFR"
"902","NA19461","AFR"
"903","NA19462","AFR"
"904","NA19463","AFR"
"905","NA19466","AFR"
"906","NA19467","AFR"
"907","NA19468","AFR"
"908","NA19471","AFR"
"909","NA19472","AFR"
"910","NA19473","AFR"
"911","NA19474","AFR"
"912","NA19475","AFR"
"913","HG01879","AFR"
"914","HG01880","AFR"
"915","HG01882","AFR"
"916","HG01883","AFR"
"917","HG01885","AFR"
"918","HG01886","AFR"
"919","HG01889","AFR"
"920","HG01890","AFR"
"921","HG01894","AFR"
"922","HG01896","AFR"
"923","HG01912","AFR"
"924","HG01914","AFR"
"925","HG01915","AFR"
"926","HG01956","AFR"
"927","HG01958","AFR"
"928","HG01985","AFR"
"929","HG01986","AFR"
"930","HG01988","AFR"
"931","HG01989","AFR"
"932","HG01990","AFR"
"933","HG02009","AFR"
"934","HG02010","AFR"
"935","HG02012","AFR"
"936","HG02013","AFR"
"937","HG02014","AFR"
"938","HG02051","AFR"
"939","HG02052","AFR"
"940","HG02053","AFR"
"941","HG02054","AFR"
"942","HG02095","AFR"
"943","HG02107","AFR"
"944","HG02108","AFR"
"945","HG02111","AFR"
"946","HG02143","AFR"
"947","HG02144","AFR"
"948","HG02255","AFR"
"949","HG02256","AFR"
"950","HG02281","AFR"
"951","HG02282","AFR"
"952","HG02283","AFR"
"953","HG02284","AFR"
"954","HG02307","AFR"
"955","HG02308","AFR"
"956","HG02309","AFR"
"957","HG02314","AFR"
"958","HG02315","AFR"
"959","HG02317","AFR"
"960","HG02318","AFR"
"961","HG02322","AFR"
"962","HG02323","AFR"
"963","HG02325","AFR"
"964","HG02330","AFR"
"965","HG02332","AFR"
"966","HG02334","AFR"
"967","HG02337","AFR"
"968","HG02339","AFR"
"969","HG02343","AFR"
"970","HG02419","AFR"
"971","HG02420","AFR"
"972","HG02427","AFR"
"973","HG02429","AFR"
"974","HG02433","AFR"
"975","HG02439","AFR"
"976","HG02442","AFR"
"977","HG02445","AFR"
"978","HG02449","AFR"
"979","HG02450","AFR"
"980","HG02455","AFR"
"981","HG02470","AFR"
"982","HG02471","AFR"
"983","HG02476","AFR"
"984","HG02477","AFR"
"985","HG02479","AFR"
"986","HG02481","AFR"
"987","HG02484","AFR"
"988","HG02485","AFR"
"989","HG02489","AFR"
"990","HG02496","AFR"
"991","HG02497","AFR"
"992","HG02501","AFR"
"993","HG02502","AFR"
"994","HG02505","AFR"
"995","HG02508","AFR"
"996","HG02511","AFR"
"997","HG02536","AFR"
"998","HG02537","AFR"
"999","HG02541","AFR"
"1000","HG02545","AFR"
"1001","HG02546","AFR"
"1002","HG02549","AFR"
"1003","HG02554","AFR"
"1004","HG02555","AFR"
"1005","HG02557","AFR"
"1006","HG02558","AFR"
"1007","HG02577","AFR"
"1008","HG02580","AFR"
"1009","NA18525","EAS"
"1010","NA18526","EAS"
"1011","NA18528","EAS"
"1012","NA18530","EAS"
"1013","NA18531","EAS"
"1014","NA18532","EAS"
"1015","NA18533","EAS"
"1016","NA18534","EAS"
"1017","NA18535","EAS"
"1018","NA18536","EAS"
"1019","NA18537","EAS"
"1020","NA18538","EAS"
"1021","NA18539","EAS"
"1022","NA18541","EAS"
"1023","NA18542","EAS"
"1024","NA18543","EAS"
"1025","NA18544","EAS"
"1026","NA18545","EAS"
"1027","NA18546","EAS"
"1028","NA18547","EAS"
"1029","NA18548","EAS"
"1030","NA18549","EAS"
"1031","NA18550","EAS"
"1032","NA18552","EAS"
"1033","NA18553","EAS"
"1034","NA18555","EAS"
"1035","NA18557","EAS"
"1036","NA18558","EAS"
"1037","NA18559","EAS"
"1038","NA18560","EAS"
"1039","NA18561","EAS"
"1040","NA18562","EAS"
"1041","NA18563","EAS"
"1042","NA18564","EAS"
"1043","NA18565","EAS"
"1044","NA18566","EAS"
"1045","NA18567","EAS"
"1046","NA18570","EAS"
"1047","NA18571","EAS"
"1048","NA18572","EAS"
"1049","NA18573","EAS"
"1050","NA18574","EAS"
"1051","NA18577","EAS"
"1052","NA18579","EAS"
"1053","NA18582","EAS"
"1054","NA18591","EAS"
"1055","NA18592","EAS"
"1056","NA18593","EAS"
"1057","NA18595","EAS"
"1058","NA18596","EAS"
"1059","NA18597","EAS"
"1060","NA18599","EAS"
"1061","NA18602","EAS"
"1062","NA18603","EAS"
"1063","NA18605","EAS"
"1064","NA18606","EAS"
"1065","NA18608","EAS"
"1066","NA18609","EAS"
"1067","NA18610","EAS"
"1068","NA18611","EAS"
"1069","NA18612","EAS"
"1070","NA18613","EAS"
"1071","NA18614","EAS"
"1072","NA18615","EAS"
"1073","NA18616","EAS"
"1074","NA18617","EAS"
"1075","NA18618","EAS"
"1076","NA18619","EAS"
"1077","NA18620","EAS"
"1078","NA18621","EAS"
"1079","NA18622","EAS"
"1080","NA18623","EAS"
"1081","NA18624","EAS"
"1082","NA18625","EAS"
"1083","NA18626","EAS"
"1084","NA18627","EAS"
"1085","NA18628","EAS"
"1086","NA18629","EAS"
"1087","NA18630","EAS"
"1088","NA18631","EAS"
"1089","NA18632","EAS"
"1090","NA18633","EAS"
"1091","NA18634","EAS"
"1092","NA18635","EAS"
"1093","NA18636","EAS"
"1094","NA18637","EAS"
"1095","NA18638","EAS"
"1096","NA18639","EAS"
"1097","NA18640","EAS"
"1098","NA18641","EAS"
"1099","NA18642","EAS"
"1100","NA18643","EAS"
"1101","NA18644","EAS"
"1102","NA18645","EAS"
"1103","NA18646","EAS"
"1104","NA18647","EAS"
"1105","NA18648","EAS"
"1106","NA18740","EAS"
"1107","NA18745","EAS"
"1108","NA18747","EAS"
"1109","NA18748","EAS"
"1110","NA18749","EAS"
"1111","NA18757","EAS"
"1112","NA18939","EAS"
"1113","NA18940","EAS"
"1114","NA18941","EAS"
"1115","NA18942","EAS"
"1116","NA18943","EAS"
"1117","NA18944","EAS"
"1118","NA18945","EAS"
"1119","NA18946","EAS"
"1120","NA18947","EAS"
"1121","NA18948","EAS"
"1122","NA18949","EAS"
"1123","NA18950","EAS"
"1124","NA18951","EAS"
"1125","NA18952","EAS"
"1126","NA18953","EAS"
"1127","NA18954","EAS"
"1128","NA18956","EAS"
"1129","NA18957","EAS"
"1130","NA18959","EAS"
"1131","NA18960","EAS"
"1132","NA18961","EAS"
"1133","NA18962","EAS"
"1134","NA18963","EAS"
"1135","NA18964","EAS"
"1136","NA18965","EAS"
"1137","NA18966","EAS"
"1138","NA18967","EAS"
"1139","NA18968","EAS"
"1140","NA18969","EAS"
"1141","NA18970","EAS"
"1142","NA18971","EAS"
"1143","NA18972","EAS"
"1144","NA18973","EAS"
"1145","NA18974","EAS"
"1146","NA18975","EAS"
"1147","NA18976","EAS"
"1148","NA18977","EAS"
"1149","NA18978","EAS"
"1150","NA18979","EAS"
"1151","NA18980","EAS"
"1152","NA18981","EAS"
"1153","NA18982","EAS"
"1154","NA18983","EAS"
"1155","NA18984","EAS"
"1156","NA18985","EAS"
"1157","NA18986","EAS"
"1158","NA18987","EAS"
"1159","NA18988","EAS"
"1160","NA18989","EAS"
"1161","NA18990","EAS"
"1162","NA18991","EAS"
"1163","NA18992","EAS"
"1164","NA18993","EAS"
"1165","NA18994","EAS"
"1166","NA18995","EAS"
"1167","NA18997","EAS"
"1168","NA18998","EAS"
"1169","NA18999","EAS"
"1170","NA19000","EAS"
"1171","NA19001","EAS"
"1172","NA19002","EAS"
"1173","NA19003","EAS"
"1174","NA19004","EAS"
"1175","NA19005","EAS"
"1176","NA19006","EAS"
"1177","NA19007","EAS"
"1178","NA19009","EAS"
"1179","NA19010","EAS"
"1180","NA19011","EAS"
"1181","NA19012","EAS"
"1182","NA19054","EAS"
"1183","NA19055","EAS"
"1184","NA19056","EAS"
"1185","NA19057","EAS"
"1186","NA19058","EAS"
"1187","NA19059","EAS"
"1188","NA19060","EAS"
"1189","NA19062","EAS"
"1190","NA19063","EAS"
"1191","NA19064","EAS"
"1192","NA19065","EAS"
"1193","NA19066","EAS"
"1194","NA19067","EAS"
"1195","NA19068","EAS"
"1196","NA19070","EAS"
"1197","NA19072","EAS"
"1198","NA19074","EAS"
"1199","NA19075","EAS"
"1200","NA19076","EAS"
"1201","NA19077","EAS"
"1202","NA19078","EAS"
"1203","NA19079","EAS"
"1204","NA19080","EAS"
"1205","NA19081","EAS"
"1206","NA19082","EAS"
"1207","NA19083","EAS"
"1208","NA19084","EAS"
"1209","NA19085","EAS"
"1210","NA19086","EAS"
"1211","NA19087","EAS"
"1212","NA19088","EAS"
"1213","NA19089","EAS"
"1214","NA19090","EAS"
"1215","NA19091","EAS"
"1216","HG00403","EAS"
"1217","HG00404","EAS"
"1218","HG00406","EAS"
"1219","HG00407","EAS"
"1220","HG00409","EAS"
"1221","HG00410","EAS"
"1222","HG00419","EAS"
"1223","HG00421","EAS"
"1224","HG00422","EAS"
"1225","HG00428","EAS"
"1226","HG00436","EAS"
"1227","HG00437","EAS"
"1228","HG00442","EAS"
"1229","HG00443","EAS"
"1230","HG00445","EAS"
"1231","HG00446","EAS"
"1232","HG00448","EAS"
"1233","HG00449","EAS"
"1234","HG00451","EAS"
"1235","HG00452","EAS"
"1236","HG00457","EAS"
"1237","HG00458","EAS"
"1238","HG00463","EAS"
"1239","HG00464","EAS"
"1240","HG00472","EAS"
"1241","HG00473","EAS"
"1242","HG00475","EAS"
"1243","HG00476","EAS"
"1244","HG00478","EAS"
"1245","HG00479","EAS"
"1246","HG00500","EAS"
"1247","HG00513","EAS"
"1248","HG00524","EAS"
"1249","HG00525","EAS"
"1250","HG00530","EAS"
"1251","HG00531","EAS"
"1252","HG00533","EAS"
"1253","HG00534","EAS"
"1254","HG00536","EAS"
"1255","HG00537","EAS"
"1256","HG00542","EAS"
"1257","HG00543","EAS"
"1258","HG00556","EAS"
"1259","HG00557","EAS"
"1260","HG00559","EAS"
"1261","HG00560","EAS"
"1262","HG00565","EAS"
"1263","HG00566","EAS"
"1264","HG00580","EAS"
"1265","HG00581","EAS"
"1266","HG00583","EAS"
"1267","HG00584","EAS"
"1268","HG00589","EAS"
"1269","HG00590","EAS"
"1270","HG00592","EAS"
"1271","HG00593","EAS"
"1272","HG00595","EAS"
"1273","HG00596","EAS"
"1274","HG00598","EAS"
"1275","HG00599","EAS"
"1276","HG00607","EAS"
"1277","HG00608","EAS"
"1278","HG00610","EAS"
"1279","HG00611","EAS"
"1280","HG00613","EAS"
"1281","HG00614","EAS"
"1282","HG00619","EAS"
"1283","HG00620","EAS"
"1284","HG00622","EAS"
"1285","HG00623","EAS"
"1286","HG00625","EAS"
"1287","HG00626","EAS"
"1288","HG00628","EAS"
"1289","HG00629","EAS"
"1290","HG00631","EAS"
"1291","HG00632","EAS"
"1292","HG00634","EAS"
"1293","HG00650","EAS"
"1294","HG00651","EAS"
"1295","HG00653","EAS"
"1296","HG00654","EAS"
"1297","HG00656","EAS"
"1298","HG00657","EAS"
"1299","HG00662","EAS"
"1300","HG00663","EAS"
"1301","HG00671","EAS"
"1302","HG00672","EAS"
"1303","HG00674","EAS"
"1304","HG00675","EAS"
"1305","HG00683","EAS"
"1306","HG00684","EAS"
"1307","HG00689","EAS"
"1308","HG00690","EAS"
"1309","HG00692","EAS"
"1310","HG00693","EAS"
"1311","HG00698","EAS"
"1312","HG00699","EAS"
"1313","HG00701","EAS"
"1314","HG00704","EAS"
"1315","HG00705","EAS"
"1316","HG00707","EAS"
"1317","HG00708","EAS"
"1318","HG00717","EAS"
"1319","HG00728","EAS"
"1320","HG00729","EAS"
"1321","HG00759","EAS"
"1322","HG00766","EAS"
"1323","HG00844","EAS"
"1324","HG00851","EAS"
"1325","HG00864","EAS"
"1326","HG00867","EAS"
"1327","HG00879","EAS"
"1328","HG00881","EAS"
"1329","HG00956","EAS"
"1330","HG00978","EAS"
"1331","HG00982","EAS"
"1332","HG01028","EAS"
"1333","HG01029","EAS"
"1334","HG01031","EAS"
"1335","HG01046","EAS"
"1336","HG01794","EAS"
"1337","HG01795","EAS"
"1338","HG01796","EAS"
"1339","HG01797","EAS"
"1340","HG01798","EAS"
"1341","HG01799","EAS"
"1342","HG01800","EAS"
"1343","HG01801","EAS"
"1344","HG01802","EAS"
"1345","HG01804","EAS"
"1346","HG01805","EAS"
"1347","HG01806","EAS"
"1348","HG01807","EAS"
"1349","HG01808","EAS"
"1350","HG01809","EAS"
"1351","HG01810","EAS"
"1352","HG01811","EAS"
"1353","HG01812","EAS"
"1354","HG01813","EAS"
"1355","HG01815","EAS"
"1356","HG01816","EAS"
"1357","HG01817","EAS"
"1358","HG02151","EAS"
"1359","HG02152","EAS"
"1360","HG02153","EAS"
"1361","HG02154","EAS"
"1362","HG02155","EAS"
"1363","HG02156","EAS"
"1364","HG02164","EAS"
"1365","HG02165","EAS"
"1366","HG02166","EAS"
"1367","HG02178","EAS"
"1368","HG02179","EAS"
"1369","HG02180","EAS"
"1370","HG02181","EAS"
"1371","HG02182","EAS"
"1372","HG02184","EAS"
"1373","HG02185","EAS"
"1374","HG02186","EAS"
"1375","HG02187","EAS"
"1376","HG02188","EAS"
"1377","HG02190","EAS"
"1378","HG02250","EAS"
"1379","HG02351","EAS"
"1380","HG02353","EAS"
"1381","HG02355","EAS"
"1382","HG02356","EAS"
"1383","HG02360","EAS"
"1384","HG02364","EAS"
"1385","HG02367","EAS"
"1386","HG02371","EAS"
"1387","HG02373","EAS"
"1388","HG02374","EAS"
"1389","HG02375","EAS"
"1390","HG02379","EAS"
"1391","HG02380","EAS"
"1392","HG02382","EAS"
"1393","HG02383","EAS"
"1394","HG02384","EAS"
"1395","HG02385","EAS"
"1396","HG02386","EAS"
"1397","HG02389","EAS"
"1398","HG02390","EAS"
"1399","HG02391","EAS"
"1400","HG02392","EAS"
"1401","HG02394","EAS"
"1402","HG02395","EAS"
"1403","HG02396","EAS"
"1404","HG02397","EAS"
"1405","HG02398","EAS"
"1406","HG02399","EAS"
"1407","HG02401","EAS"
"1408","HG02402","EAS"
"1409","HG02406","EAS"
"1410","HG02407","EAS"
"1411","HG02408","EAS"
"1412","HG02409","EAS"
"1413","HG02410","EAS"
"1414","HG01595","EAS"
"1415","HG01596","EAS"
"1416","HG01597","EAS"
"1417","HG01598","EAS"
"1418","HG01599","EAS"
"1419","HG01600","EAS"
"1420","HG01840","EAS"
"1421","HG01841","EAS"
"1422","HG01842","EAS"
"1423","HG01843","EAS"
"1424","HG01844","EAS"
"1425","HG01845","EAS"
"1426","HG01846","EAS"
"1427","HG01847","EAS"
"1428","HG01848","EAS"
"1429","HG01849","EAS"
"1430","HG01850","EAS"
"1431","HG01851","EAS"
"1432","HG01852","EAS"
"1433","HG01853","EAS"
"1434","HG01855","EAS"
"1435","HG01857","EAS"
"1436","HG01858","EAS"
"1437","HG01859","EAS"
"1438","HG01860","EAS"
"1439","HG01861","EAS"
"1440","HG01862","EAS"
"1441","HG01863","EAS"
"1442","HG01864","EAS"
"1443","HG01865","EAS"
"1444","HG01866","EAS"
"1445","HG01867","EAS"
"1446","HG01868","EAS"
"1447","HG01869","EAS"
"1448","HG01870","EAS"
"1449","HG01871","EAS"
"1450","HG01872","EAS"
"1451","HG01873","EAS"
"1452","HG01874","EAS"
"1453","HG01878","EAS"
"1454","HG02016","EAS"
"1455","HG02017","EAS"
"1456","HG02019","EAS"
"1457","HG02020","EAS"
"1458","HG02023","EAS"
"1459","HG02025","EAS"
"1460","HG02026","EAS"
"1461","HG02028","EAS"
"1462","HG02029","EAS"
"1463","HG02031","EAS"
"1464","HG02032","EAS"
"1465","HG02035","EAS"
"1466","HG02040","EAS"
"1467","HG02047","EAS"
"1468","HG02048","EAS"
"1469","HG02049","EAS"
"1470","HG02050","EAS"
"1471","HG02057","EAS"
"1472","HG02058","EAS"
"1473","HG02060","EAS"
"1474","HG02061","EAS"
"1475","HG02064","EAS"
"1476","HG02067","EAS"
"1477","HG02069","EAS"
"1478","HG02070","EAS"
"1479","HG02072","EAS"
"1480","HG02073","EAS"
"1481","HG02075","EAS"
"1482","HG02076","EAS"
"1483","HG02078","EAS"
"1484","HG02079","EAS"
"1485","HG02081","EAS"
"1486","HG02082","EAS"
"1487","HG02084","EAS"
"1488","HG02085","EAS"
"1489","HG02086","EAS"
"1490","HG02087","EAS"
"1491","HG02088","EAS"
"1492","HG02113","EAS"
"1493","HG02116","EAS"
"1494","HG02121","EAS"
"1495","HG02122","EAS"
"1496","HG02127","EAS"
"1497","HG02128","EAS"
"1498","HG02130","EAS"
"1499","HG02131","EAS"
"1500","HG02133","EAS"
"1501","HG02134","EAS"
"1502","HG02136","EAS"
"1503","HG02137","EAS"
"1504","HG02138","EAS"
"1505","HG02139","EAS"
"1506","HG02140","EAS"
"1507","HG02141","EAS"
"1508","HG02142","EAS"
"1509","HG02512","EAS"
"1510","HG02513","EAS"
"1511","HG02521","EAS"
"1512","HG02522","EAS"
"1513","NA06984","EUR"
"1514","NA06985","EUR"
"1515","NA06986","EUR"
"1516","NA06989","EUR"
"1517","NA06994","EUR"
"1518","NA07000","EUR"
"1519","NA07037","EUR"
"1520","NA07048","EUR"
"1521","NA07051","EUR"
"1522","NA07056","EUR"
"1523","NA07347","EUR"
"1524","NA07357","EUR"
"1525","NA10847","EUR"
"1526","NA10851","EUR"
"1527","NA11829","EUR"
"1528","NA11830","EUR"
"1529","NA11831","EUR"
"1530","NA11832","EUR"
"1531","NA11840","EUR"
"1532","NA11843","EUR"
"1533","NA11881","EUR"
"1534","NA11892","EUR"
"1535","NA11893","EUR"
"1536","NA11894","EUR"
"1537","NA11918","EUR"
"1538","NA11919","EUR"
"1539","NA11920","EUR"
"1540","NA11930","EUR"
"1541","NA11931","EUR"
"1542","NA11932","EUR"
"1543","NA11933","EUR"
"1544","NA11992","EUR"
"1545","NA11994","EUR"
"1546","NA11995","EUR"
"1547","NA12003","EUR"
"1548","NA12004","EUR"
"1549","NA12005","EUR"
"1550","NA12006","EUR"
"1551","NA12043","EUR"
"1552","NA12044","EUR"
"1553","NA12045","EUR"
"1554","NA12046","EUR"
"1555","NA12058","EUR"
"1556","NA12144","EUR"
"1557","NA12154","EUR"
"1558","NA12155","EUR"
"1559","NA12156","EUR"
"1560","NA12234","EUR"
"1561","NA12249","EUR"
"1562","NA12272","EUR"
"1563","NA12273","EUR"
"1564","NA12275","EUR"
"1565","NA12282","EUR"
"1566","NA12283","EUR"
"1567","NA12286","EUR"
"1568","NA12287","EUR"
"1569","NA12340","EUR"
"1570","NA12341","EUR"
"1571","NA12342","EUR"
"1572","NA12347","EUR"
"1573","NA12348","EUR"
"1574","NA12383","EUR"
"1575","NA12399","EUR"
"1576","NA12400","EUR"
"1577","NA12413","EUR"
"1578","NA12414","EUR"
"1579","NA12489","EUR"
"1580","NA12546","EUR"
"1581","NA12716","EUR"
"1582","NA12717","EUR"
"1583","NA12718","EUR"
"1584","NA12748","EUR"
"1585","NA12749","EUR"
"1586","NA12750","EUR"
"1587","NA12751","EUR"
"1588","NA12760","EUR"
"1589","NA12761","EUR"
"1590","NA12762","EUR"
"1591","NA12763","EUR"
"1592","NA12775","EUR"
"1593","NA12776","EUR"
"1594","NA12777","EUR"
"1595","NA12778","EUR"
"1596","NA12812","EUR"
"1597","NA12813","EUR"
"1598","NA12814","EUR"
"1599","NA12815","EUR"
"1600","NA12827","EUR"
"1601","NA12828","EUR"
"1602","NA12829","EUR"
"1603","NA12830","EUR"
"1604","NA12842","EUR"
"1605","NA12843","EUR"
"1606","NA12872","EUR"
"1607","NA12873","EUR"
"1608","NA12874","EUR"
"1609","NA12878","EUR"
"1610","NA12889","EUR"
"1611","NA12890","EUR"
"1612","HG01500","EUR"
"1613","HG01501","EUR"
"1614","HG01503","EUR"
"1615","HG01504","EUR"
"1616","HG01506","EUR"
"1617","HG01507","EUR"
"1618","HG01509","EUR"
"1619","HG01510","EUR"
"1620","HG01512","EUR"
"1621","HG01513","EUR"
"1622","HG01515","EUR"
"1623","HG01516","EUR"
"1624","HG01518","EUR"
"1625","HG01519","EUR"
"1626","HG01521","EUR"
"1627","HG01522","EUR"
"1628","HG01524","EUR"
"1629","HG01525","EUR"
"1630","HG01527","EUR"
"1631","HG01528","EUR"
"1632","HG01530","EUR"
"1633","HG01531","EUR"
"1634","HG01536","EUR"
"1635","HG01537","EUR"
"1636","HG01602","EUR"
"1637","HG01603","EUR"
"1638","HG01605","EUR"
"1639","HG01606","EUR"
"1640","HG01607","EUR"
"1641","HG01608","EUR"
"1642","HG01610","EUR"
"1643","HG01612","EUR"
"1644","HG01613","EUR"
"1645","HG01615","EUR"
"1646","HG01617","EUR"
"1647","HG01618","EUR"
"1648","HG01619","EUR"
"1649","HG01620","EUR"
"1650","HG01623","EUR"
"1651","HG01624","EUR"
"1652","HG01625","EUR"
"1653","HG01626","EUR"
"1654","HG01628","EUR"
"1655","HG01630","EUR"
"1656","HG01631","EUR"
"1657","HG01632","EUR"
"1658","HG01668","EUR"
"1659","HG01669","EUR"
"1660","HG01670","EUR"
"1661","HG01672","EUR"
"1662","HG01673","EUR"
"1663","HG01675","EUR"
"1664","HG01676","EUR"
"1665","HG01678","EUR"
"1666","HG01679","EUR"
"1667","HG01680","EUR"
"1668","HG01682","EUR"
"1669","HG01684","EUR"
"1670","HG01685","EUR"
"1671","HG01686","EUR"
"1672","HG01694","EUR"
"1673","HG01695","EUR"
"1674","HG01697","EUR"
"1675","HG01699","EUR"
"1676","HG01700","EUR"
"1677","HG01702","EUR"
"1678","HG01704","EUR"
"1679","HG01705","EUR"
"1680","HG01707","EUR"
"1681","HG01708","EUR"
"1682","HG01709","EUR"
"1683","HG01710","EUR"
"1684","HG01746","EUR"
"1685","HG01747","EUR"
"1686","HG01756","EUR"
"1687","HG01757","EUR"
"1688","HG01761","EUR"
"1689","HG01762","EUR"
"1690","HG01765","EUR"
"1691","HG01766","EUR"
"1692","HG01767","EUR"
"1693","HG01768","EUR"
"1694","HG01770","EUR"
"1695","HG01771","EUR"
"1696","HG01773","EUR"
"1697","HG01775","EUR"
"1698","HG01776","EUR"
"1699","HG01777","EUR"
"1700","HG01779","EUR"
"1701","HG01781","EUR"
"1702","HG01783","EUR"
"1703","HG01784","EUR"
"1704","HG01785","EUR"
"1705","HG01786","EUR"
"1706","HG02219","EUR"
"1707","HG02220","EUR"
"1708","HG02221","EUR"
"1709","HG02223","EUR"
"1710","HG02224","EUR"
"1711","HG02230","EUR"
"1712","HG02231","EUR"
"1713","HG02232","EUR"
"1714","HG02233","EUR"
"1715","HG02235","EUR"
"1716","HG02236","EUR"
"1717","HG02238","EUR"
"1718","HG02239","EUR"
"1719","HG00096","EUR"
"1720","HG00097","EUR"
"1721","HG00099","EUR"
"1722","HG00100","EUR"
"1723","HG00101","EUR"
"1724","HG00102","EUR"
"1725","HG00103","EUR"
"1726","HG00105","EUR"
"1727","HG00106","EUR"
"1728","HG00107","EUR"
"1729","HG00108","EUR"
"1730","HG00109","EUR"
"1731","HG00110","EUR"
"1732","HG00111","EUR"
"1733","HG00112","EUR"
"1734","HG00113","EUR"
"1735","HG00114","EUR"
"1736","HG00115","EUR"
"1737","HG00116","EUR"
"1738","HG00117","EUR"
"1739","HG00118","EUR"
"1740","HG00119","EUR"
"1741","HG00120","EUR"
"1742","HG00121","EUR"
"1743","HG00122","EUR"
"1744","HG00123","EUR"
"1745","HG00125","EUR"
"1746","HG00126","EUR"
"1747","HG00127","EUR"
"1748","HG00128","EUR"
"1749","HG00129","EUR"
"1750","HG00130","EUR"
"1751","HG00131","EUR"
"1752","HG00132","EUR"
"1753","HG00133","EUR"
"1754","HG00136","EUR"
"1755","HG00137","EUR"
"1756","HG00138","EUR"
"1757","HG00139","EUR"
"1758","HG00140","EUR"
"1759","HG00141","EUR"
"1760","HG00142","EUR"
"1761","HG00143","EUR"
"1762","HG00145","EUR"
"1763","HG00146","EUR"
"1764","HG00148","EUR"
"1765","HG00149","EUR"
"1766","HG00150","EUR"
"1767","HG00151","EUR"
"1768","HG00154","EUR"
"1769","HG00155","EUR"
"1770","HG00157","EUR"
"1771","HG00158","EUR"
"1772","HG00159","EUR"
"1773","HG00160","EUR"
"1774","HG00231","EUR"
"1775","HG00232","EUR"
"1776","HG00233","EUR"
"1777","HG00234","EUR"
"1778","HG00235","EUR"
"1779","HG00236","EUR"
"1780","HG00237","EUR"
"1781","HG00238","EUR"
"1782","HG00239","EUR"
"1783","HG00240","EUR"
"1784","HG00242","EUR"
"1785","HG00243","EUR"
"1786","HG00244","EUR"
"1787","HG00245","EUR"
"1788","HG00246","EUR"
"1789","HG00250","EUR"
"1790","HG00251","EUR"
"1791","HG00252","EUR"
"1792","HG00253","EUR"
"1793","HG00254","EUR"
"1794","HG00255","EUR"
"1795","HG00256","EUR"
"1796","HG00257","EUR"
"1797","HG00258","EUR"
"1798","HG00259","EUR"
"1799","HG00260","EUR"
"1800","HG00261","EUR"
"1801","HG00262","EUR"
"1802","HG00263","EUR"
"1803","HG00264","EUR"
"1804","HG00265","EUR"
"1805","HG01334","EUR"
"1806","HG01789","EUR"
"1807","HG01790","EUR"
"1808","HG01791","EUR"
"1809","HG02215","EUR"
"1810","HG00171","EUR"
"1811","HG00173","EUR"
"1812","HG00174","EUR"
"1813","HG00176","EUR"
"1814","HG00177","EUR"
"1815","HG00178","EUR"
"1816","HG00179","EUR"
"1817","HG00180","EUR"
"1818","HG00181","EUR"
"1819","HG00182","EUR"
"1820","HG00183","EUR"
"1821","HG00185","EUR"
"1822","HG00186","EUR"
"1823","HG00187","EUR"
"1824","HG00188","EUR"
"1825","HG00189","EUR"
"1826","HG00190","EUR"
"1827","HG00266","EUR"
"1828","HG00267","EUR"
"1829","HG00268","EUR"
"1830","HG00269","EUR"
"1831","HG00271","EUR"
"1832","HG00272","EUR"
"1833","HG00273","EUR"
"1834","HG00274","EUR"
"1835","HG00275","EUR"
"1836","HG00276","EUR"
"1837","HG00277","EUR"
"1838","HG00278","EUR"
"1839","HG00280","EUR"
"1840","HG00281","EUR"
"1841","HG00282","EUR"
"1842","HG00284","EUR"
"1843","HG00285","EUR"
"1844","HG00288","EUR"
"1845","HG00290","EUR"
"1846","HG00304","EUR"
"1847","HG00306","EUR"
"1848","HG00308","EUR"
"1849","HG00309","EUR"
"1850","HG00310","EUR"
"1851","HG00311","EUR"
"1852","HG00313","EUR"
"1853","HG00315","EUR"
"1854","HG00318","EUR"
"1855","HG00319","EUR"
"1856","HG00320","EUR"
"1857","HG00321","EUR"
"1858","HG00323","EUR"
"1859","HG00324","EUR"
"1860","HG00325","EUR"
"1861","HG00326","EUR"
"1862","HG00327","EUR"
"1863","HG00328","EUR"
"1864","HG00329","EUR"
"1865","HG00330","EUR"
"1866","HG00331","EUR"
"1867","HG00332","EUR"
"1868","HG00334","EUR"
"1869","HG00335","EUR"
"1870","HG00336","EUR"
"1871","HG00337","EUR"
"1872","HG00338","EUR"
"1873","HG00339","EUR"
"1874","HG00341","EUR"
"1875","HG00342","EUR"
"1876","HG00343","EUR"
"1877","HG00344","EUR"
"1878","HG00345","EUR"
"1879","HG00346","EUR"
"1880","HG00349","EUR"
"1881","HG00350","EUR"
"1882","HG00351","EUR"
"1883","HG00353","EUR"
"1884","HG00355","EUR"
"1885","HG00356","EUR"
"1886","HG00357","EUR"
"1887","HG00358","EUR"
"1888","HG00360","EUR"
"1889","HG00361","EUR"
"1890","HG00362","EUR"
"1891","HG00364","EUR"
"1892","HG00365","EUR"
"1893","HG00366","EUR"
"1894","HG00367","EUR"
"1895","HG00368","EUR"
"1896","HG00369","EUR"
"1897","HG00371","EUR"
"1898","HG00372","EUR"
"1899","HG00373","EUR"
"1900","HG00375","EUR"
"1901","HG00376","EUR"
"1902","HG00378","EUR"
"1903","HG00379","EUR"
"1904","HG00380","EUR"
"1905","HG00381","EUR"
"1906","HG00382","EUR"
"1907","HG00383","EUR"
"1908","HG00384","EUR"
"1909","NA20502","EUR"
"1910","NA20503","EUR"
"1911","NA20504","EUR"
"1912","NA20505","EUR"
"1913","NA20506","EUR"
"1914","NA20507","EUR"
"1915","NA20508","EUR"
"1916","NA20509","EUR"
"1917","NA20510","EUR"
"1918","NA20511","EUR"
"1919","NA20512","EUR"
"1920","NA20513","EUR"
"1921","NA20514","EUR"
"1922","NA20515","EUR"
"1923","NA20516","EUR"
"1924","NA20517","EUR"
"1925","NA20518","EUR"
"1926","NA20519","EUR"
"1927","NA20520","EUR"
"1928","NA20521","EUR"
"1929","NA20522","EUR"
"1930","NA20524","EUR"
"1931","NA20525","EUR"
"1932","NA20527","EUR"
"1933","NA20528","EUR"
"1934","NA20529","EUR"
"1935","NA20530","EUR"
"1936","NA20531","EUR"
"1937","NA20532","EUR"
"1938","NA20533","EUR"
"1939","NA20534","EUR"
"1940","NA20535","EUR"
"1941","NA20536","EUR"
"1942","NA20538","EUR"
"1943","NA20539","EUR"
"1944","NA20540","EUR"
"1945","NA20541","EUR"
"1946","NA20542","EUR"
"1947","NA20543","EUR"
"1948","NA20544","EUR"
"1949","NA20581","EUR"
"1950","NA20582","EUR"
"1951","NA20585","EUR"
"1952","NA20586","EUR"
"1953","NA20587","EUR"
"1954","NA20588","EUR"
"1955","NA20589","EUR"
"1956","NA20752","EUR"
"1957","NA20753","EUR"
"1958","NA20754","EUR"
"1959","NA20755","EUR"
"1960","NA20756","EUR"
"1961","NA20757","EUR"
"1962","NA20758","EUR"
"1963","NA20759","EUR"
"1964","NA20760","EUR"
"1965","NA20761","EUR"
"1966","NA20762","EUR"
"1967","NA20763","EUR"
"1968","NA20764","EUR"
"1969","NA20765","EUR"
"1970","NA20766","EUR"
"1971","NA20767","EUR"
"1972","NA20768","EUR"
"1973","NA20769","EUR"
"1974","NA20770","EUR"
"1975","NA20771","EUR"
"1976","NA20772","EUR"
"1977","NA20773","EUR"
"1978","NA20774","EUR"
"1979","NA20775","EUR"
"1980","NA20778","EUR"
"1981","NA20783","EUR"
"1982","NA20785","EUR"
"1983","NA20786","EUR"
"1984","NA20787","EUR"
"1985","NA20790","EUR"
"1986","NA20792","EUR"
"1987","NA20795","EUR"
"1988","NA20796","EUR"
"1989","NA20797","EUR"
"1990","NA20798","EUR"
"1991","NA20799","EUR"
"1992","NA20800","EUR"
"1993","NA20801","EUR"
"1994","NA20802","EUR"
"1995","NA20803","EUR"
"1996","NA20804","EUR"
"1997","NA20805","EUR"
"1998","NA20806","EUR"
"1999","NA20807","EUR"
"2000","NA20808","EUR"
"2001","NA20809","EUR"
"2002","NA20810","EUR"
"2003","NA20811","EUR"
"2004","NA20812","EUR"
"2005","NA20813","EUR"
"2006","NA20814","EUR"
"2007","NA20815","EUR"
"2008","NA20818","EUR"
"2009","NA20819","EUR"
"2010","NA20821","EUR"
"2011","NA20822","EUR"
"2012","NA20826","EUR"
"2013","NA20827","EUR"
"2014","NA20828","EUR"
"2015","NA20832","EUR"
"2016","NA20845","SAS"
"2017","NA20846","SAS"
"2018","NA20847","SAS"
"2019","NA20849","SAS"
"2020","NA20850","SAS"
"2021","NA20851","SAS"
"2022","NA20852","SAS"
"2023","NA20853","SAS"
"2024","NA20854","SAS"
"2025","NA20856","SAS"
"2026","NA20858","SAS"
"2027","NA20859","SAS"
"2028","NA20861","SAS"
"2029","NA20862","SAS"
"2030","NA20863","SAS"
"2031","NA20864","SAS"
"2032","NA20866","SAS"
"2033","NA20867","SAS"
"2034","NA20868","SAS"
"2035","NA20869","SAS"
"2036","NA20870","SAS"
"2037","NA20872","SAS"
"2038","NA20874","SAS"
"2039","NA20875","SAS"
"2040","NA20876","SAS"
"2041","NA20877","SAS"
"2042","NA20878","SAS"
"2043","NA20881","SAS"
"2044","NA20882","SAS"
"2045","NA20884","SAS"
"2046","NA20885","SAS"
"2047","NA20886","SAS"
"2048","NA20887","SAS"
"2049","NA20888","SAS"
"2050","NA20889","SAS"
"2051","NA20890","SAS"
"2052","NA20891","SAS"
"2053","NA20892","SAS"
"2054","NA20894","SAS"
"2055","NA20895","SAS"
"2056","NA20896","SAS"
"2057","NA20897","SAS"
"2058","NA20899","SAS"
"2059","NA20900","SAS"
"2060","NA20901","SAS"
"2061","NA20902","SAS"
"2062","NA20903","SAS"
"2063","NA20904","SAS"
"2064","NA20905","SAS"
"2065","NA20906","SAS"
"2066","NA20908","SAS"
"2067","NA20910","SAS"
"2068","NA20911","SAS"
"2069","NA21086","SAS"
"2070","NA21087","SAS"
"2071","NA21088","SAS"
"2072","NA21089","SAS"
"2073","NA21090","SAS"
"2074","NA21091","SAS"
"2075","NA21092","SAS"
"2076","NA21093","SAS"
"2077","NA21094","SAS"
"2078","NA21095","SAS"
"2079","NA21097","SAS"
"2080","NA21098","SAS"
"2081","NA21099","SAS"
"2082","NA21100","SAS"
"2083","NA21101","SAS"
"2084","NA21102","SAS"
"2085","NA21103","SAS"
"2086","NA21104","SAS"
"2087","NA21105","SAS"
"2088","NA21106","SAS"
"2089","NA21107","SAS"
"2090","NA21108","SAS"
"2091","NA21109","SAS"
"2092","NA21110","SAS"
"2093","NA21111","SAS"
"2094","NA21112","SAS"
"2095","NA21113","SAS"
"2096","NA21114","SAS"
"2097","NA21115","SAS"
"2098","NA21116","SAS"
"2099","NA21117","SAS"
"2100","NA21118","SAS"
"2101","NA21119","SAS"
"2102","NA21120","SAS"
"2103","NA21122","SAS"
"2104","NA21123","SAS"
"2105","NA21124","SAS"
"2106","NA21125","SAS"
"2107","NA21126","SAS"
"2108","NA21127","SAS"
"2109","NA21128","SAS"
"2110","NA21129","SAS"
"2111","NA21130","SAS"
"2112","NA21133","SAS"
"2113","NA21135","SAS"
"2114","NA21137","SAS"
"2115","NA21141","SAS"
"2116","NA21142","SAS"
"2117","NA21143","SAS"
"2118","NA21144","SAS"
"2119","HG03642","SAS"
"2120","HG03643","SAS"
"2121","HG03644","SAS"
"2122","HG03645","SAS"
"2123","HG03646","SAS"
"2124","HG03672","SAS"
"2125","HG03673","SAS"
"2126","HG03679","SAS"
"2127","HG03680","SAS"
"2128","HG03681","SAS"
"2129","HG03684","SAS"
"2130","HG03685","SAS"
"2131","HG03686","SAS"
"2132","HG03687","SAS"
"2133","HG03689","SAS"
"2134","HG03690","SAS"
"2135","HG03691","SAS"
"2136","HG03692","SAS"
"2137","HG03693","SAS"
"2138","HG03694","SAS"
"2139","HG03695","SAS"
"2140","HG03696","SAS"
"2141","HG03697","SAS"
"2142","HG03698","SAS"
"2143","HG03711","SAS"
"2144","HG03733","SAS"
"2145","HG03736","SAS"
"2146","HG03738","SAS"
"2147","HG03740","SAS"
"2148","HG03741","SAS"
"2149","HG03743","SAS"
"2150","HG03744","SAS"
"2151","HG03745","SAS"
"2152","HG03746","SAS"
"2153","HG03750","SAS"
"2154","HG03752","SAS"
"2155","HG03753","SAS"
"2156","HG03754","SAS"
"2157","HG03755","SAS"
"2158","HG03756","SAS"
"2159","HG03757","SAS"
"2160","HG03760","SAS"
"2161","HG03836","SAS"
"2162","HG03837","SAS"
"2163","HG03838","SAS"
"2164","HG03844","SAS"
"2165","HG03846","SAS"
"2166","HG03848","SAS"
"2167","HG03849","SAS"
"2168","HG03850","SAS"
"2169","HG03851","SAS"
"2170","HG03854","SAS"
"2171","HG03856","SAS"
"2172","HG03857","SAS"
"2173","HG03858","SAS"
"2174","HG03884","SAS"
"2175","HG03885","SAS"
"2176","HG03886","SAS"
"2177","HG03887","SAS"
"2178","HG03888","SAS"
"2179","HG03890","SAS"
"2180","HG03894","SAS"
"2181","HG03895","SAS"
"2182","HG03896","SAS"
"2183","HG03897","SAS"
"2184","HG03898","SAS"
"2185","HG03899","SAS"
"2186","HG03900","SAS"
"2187","HG03943","SAS"
"2188","HG03944","SAS"
"2189","HG03945","SAS"
"2190","HG03947","SAS"
"2191","HG03949","SAS"
"2192","HG03950","SAS"
"2193","HG03951","SAS"
"2194","HG03953","SAS"
"2195","HG03955","SAS"
"2196","HG03985","SAS"
"2197","HG03986","SAS"
"2198","HG03989","SAS"
"2199","HG03990","SAS"
"2200","HG03991","SAS"
"2201","HG03995","SAS"
"2202","HG03998","SAS"
"2203","HG03999","SAS"
"2204","HG04003","SAS"
"2205","HG04006","SAS"
"2206","HG04029","SAS"
"2207","HG04033","SAS"
"2208","HG04035","SAS"
"2209","HG04038","SAS"
"2210","HG04039","SAS"
"2211","HG04042","SAS"
"2212","HG04047","SAS"
"2213","HG04075","SAS"
"2214","HG04099","SAS"
"2215","HG04100","SAS"
"2216","HG04106","SAS"
"2217","HG04107","SAS"
"2218","HG04210","SAS"
"2219","HG04227","SAS"
"2220","HG04229","SAS"
"2221","HG03713","SAS"
"2222","HG03714","SAS"
"2223","HG03716","SAS"
"2224","HG03717","SAS"
"2225","HG03718","SAS"
"2226","HG03720","SAS"
"2227","HG03722","SAS"
"2228","HG03727","SAS"
"2229","HG03729","SAS"
"2230","HG03730","SAS"
"2231","HG03731","SAS"
"2232","HG03742","SAS"
"2233","HG03770","SAS"
"2234","HG03771","SAS"
"2235","HG03772","SAS"
"2236","HG03773","SAS"
"2237","HG03774","SAS"
"2238","HG03775","SAS"
"2239","HG03777","SAS"
"2240","HG03778","SAS"
"2241","HG03779","SAS"
"2242","HG03780","SAS"
"2243","HG03781","SAS"
"2244","HG03782","SAS"
"2245","HG03784","SAS"
"2246","HG03785","SAS"
"2247","HG03786","SAS"
"2248","HG03787","SAS"
"2249","HG03788","SAS"
"2250","HG03789","SAS"
"2251","HG03790","SAS"
"2252","HG03792","SAS"
"2253","HG03861","SAS"
"2254","HG03862","SAS"
"2255","HG03863","SAS"
"2256","HG03864","SAS"
"2257","HG03866","SAS"
"2258","HG03867","SAS"
"2259","HG03868","SAS"
"2260","HG03869","SAS"
"2261","HG03870","SAS"
"2262","HG03871","SAS"
"2263","HG03872","SAS"
"2264","HG03873","SAS"
"2265","HG03874","SAS"
"2266","HG03875","SAS"
"2267","HG03882","SAS"
"2268","HG03960","SAS"
"2269","HG03963","SAS"
"2270","HG03965","SAS"
"2271","HG03967","SAS"
"2272","HG03968","SAS"
"2273","HG03969","SAS"
"2274","HG03971","SAS"
"2275","HG03973","SAS"
"2276","HG03974","SAS"
"2277","HG03976","SAS"
"2278","HG03977","SAS"
"2279","HG03978","SAS"
"2280","HG04001","SAS"
"2281","HG04002","SAS"
"2282","HG04014","SAS"
"2283","HG04015","SAS"
"2284","HG04017","SAS"
"2285","HG04018","SAS"
"2286","HG04019","SAS"
"2287","HG04020","SAS"
"2288","HG04022","SAS"
"2289","HG04023","SAS"
"2290","HG04025","SAS"
"2291","HG04026","SAS"
"2292","HG04054","SAS"
"2293","HG04056","SAS"
"2294","HG04059","SAS"
"2295","HG04060","SAS"
"2296","HG04061","SAS"
"2297","HG04062","SAS"
"2298","HG04063","SAS"
"2299","HG04070","SAS"
"2300","HG04076","SAS"
"2301","HG04080","SAS"
"2302","HG04090","SAS"
"2303","HG04093","SAS"
"2304","HG04094","SAS"
"2305","HG04096","SAS"
"2306","HG04098","SAS"
"2307","HG04118","SAS"
"2308","HG04198","SAS"
"2309","HG04200","SAS"
"2310","HG04202","SAS"
"2311","HG04206","SAS"
"2312","HG04209","SAS"
"2313","HG04211","SAS"
"2314","HG04212","SAS"
"2315","HG04214","SAS"
"2316","HG04216","SAS"
"2317","HG04219","SAS"
"2318","HG04222","SAS"
"2319","HG04225","SAS"
"2320","HG04235","SAS"
"2321","HG04238","SAS"
"2322","HG04239","SAS"
"2323","HG01583","SAS"
"2324","HG01586","SAS"
"2325","HG01589","SAS"
"2326","HG01593","SAS"
"2327","HG02490","SAS"
"2328","HG02491","SAS"
"2329","HG02493","SAS"
"2330","HG02494","SAS"
"2331","HG02597","SAS"
"2332","HG02600","SAS"
"2333","HG02601","SAS"
"2334","HG02603","SAS"
"2335","HG02604","SAS"
"2336","HG02648","SAS"
"2337","HG02649","SAS"
"2338","HG02651","SAS"
"2339","HG02652","SAS"
"2340","HG02654","SAS"
"2341","HG02655","SAS"
"2342","HG02657","SAS"
"2343","HG02658","SAS"
"2344","HG02660","SAS"
"2345","HG02661","SAS"
"2346","HG02681","SAS"
"2347","HG02682","SAS"
"2348","HG02684","SAS"
"2349","HG02685","SAS"
"2350","HG02687","SAS"
"2351","HG02688","SAS"
"2352","HG02690","SAS"
"2353","HG02691","SAS"
"2354","HG02694","SAS"
"2355","HG02696","SAS"
"2356","HG02697","SAS"
"2357","HG02699","SAS"
"2358","HG02700","SAS"
"2359","HG02724","SAS"
"2360","HG02725","SAS"
"2361","HG02727","SAS"
"2362","HG02728","SAS"
"2363","HG02731","SAS"
"2364","HG02733","SAS"
"2365","HG02734","SAS"
"2366","HG02736","SAS"
"2367","HG02737","SAS"
"2368","HG02774","SAS"
"2369","HG02775","SAS"
"2370","HG02778","SAS"
"2371","HG02780","SAS"
"2372","HG02783","SAS"
"2373","HG02784","SAS"
"2374","HG02786","SAS"
"2375","HG02787","SAS"
"2376","HG02789","SAS"
"2377","HG02790","SAS"
"2378","HG02792","SAS"
"2379","HG02793","SAS"
"2380","HG03015","SAS"
"2381","HG03016","SAS"
"2382","HG03018","SAS"
"2383","HG03019","SAS"
"2384","HG03021","SAS"
"2385","HG03022","SAS"
"2386","HG03228","SAS"
"2387","HG03229","SAS"
"2388","HG03234","SAS"
"2389","HG03235","SAS"
"2390","HG03237","SAS"
"2391","HG03238","SAS"
"2392","HG03488","SAS"
"2393","HG03490","SAS"
"2394","HG03491","SAS"
"2395","HG03619","SAS"
"2396","HG03624","SAS"
"2397","HG03625","SAS"
"2398","HG03629","SAS"
"2399","HG03631","SAS"
"2400","HG03634","SAS"
"2401","HG03636","SAS"
"2402","HG03640","SAS"
"2403","HG03649","SAS"
"2404","HG03652","SAS"
"2405","HG03653","SAS"
"2406","HG03660","SAS"
"2407","HG03663","SAS"
"2408","HG03667","SAS"
"2409","HG03668","SAS"
"2410","HG03702","SAS"
"2411","HG03703","SAS"
"2412","HG03705","SAS"
"2413","HG03706","SAS"
"2414","HG03708","SAS"
"2415","HG03709","SAS"
"2416","HG03762","SAS"
"2417","HG03765","SAS"
"2418","HG03767","SAS"
"2419","HG03006","SAS"
"2420","HG03007","SAS"
"2421","HG03009","SAS"
"2422","HG03012","SAS"
"2423","HG03585","SAS"
"2424","HG03589","SAS"
"2425","HG03593","SAS"
"2426","HG03594","SAS"
"2427","HG03595","SAS"
"2428","HG03598","SAS"
"2429","HG03600","SAS"
"2430","HG03603","SAS"
"2431","HG03604","SAS"
"2432","HG03607","SAS"
"2433","HG03611","SAS"
"2434","HG03615","SAS"
"2435","HG03616","SAS"
"2436","HG03793","SAS"
"2437","HG03796","SAS"
"2438","HG03800","SAS"
"2439","HG03802","SAS"
"2440","HG03803","SAS"
"2441","HG03805","SAS"
"2442","HG03808","SAS"
"2443","HG03809","SAS"
"2444","HG03812","SAS"
"2445","HG03814","SAS"
"2446","HG03815","SAS"
"2447","HG03817","SAS"
"2448","HG03821","SAS"
"2449","HG03823","SAS"
"2450","HG03824","SAS"
"2451","HG03826","SAS"
"2452","HG03829","SAS"
"2453","HG03830","SAS"
"2454","HG03832","SAS"
"2455","HG03833","SAS"
"2456","HG03902","SAS"
"2457","HG03905","SAS"
"2458","HG03907","SAS"
"2459","HG03908","SAS"
"2460","HG03910","SAS"
"2461","HG03911","SAS"
"2462","HG03913","SAS"
"2463","HG03914","SAS"
"2464","HG03916","SAS"
"2465","HG03917","SAS"
"2466","HG03919","SAS"
"2467","HG03920","SAS"
"2468","HG03922","SAS"
"2469","HG03925","SAS"
"2470","HG03926","SAS"
"2471","HG03928","SAS"
"2472","HG03931","SAS"
"2473","HG03934","SAS"
"2474","HG03937","SAS"
"2475","HG03940","SAS"
"2476","HG03941","SAS"
"2477","HG04131","SAS"
"2478","HG04134","SAS"
"2479","HG04140","SAS"
"2480","HG04141","SAS"
"2481","HG04144","SAS"
"2482","HG04146","SAS"
"2483","HG04152","SAS"
"2484","HG04153","SAS"
"2485","HG04155","SAS"
"2486","HG04156","SAS"
"2487","HG04158","SAS"
"2488","HG04159","SAS"
"2489","HG04161","SAS"
"2490","HG04162","SAS"
"2491","HG04164","SAS"
"2492","HG04171","SAS"
"2493","HG04173","SAS"
"2494","HG04176","SAS"
"2495","HG04177","SAS"
"2496","HG04180","SAS"
"2497","HG04182","SAS"
"2498","HG04183","SAS"
"2499","HG04185","SAS"
"2500","HG04186","SAS"
"2501","HG04188","SAS"
"2502","HG04189","SAS"
"2503","HG04194","SAS"
"2504","HG04195","SAS"
